{
    "colors": [16776330,16710795,35853,16317842,166413,16579725],
    "normals": [0,-0.707083,-0.707083,0,-0.707083,0.707083,-0.577349,-0.577349,0.577349,-0.577349,-0.577349,-0.577349,0.056093,0.837581,-0.543382,0.023133,0.56444,-0.825129,0.023133,0.56444,0.825129,0.056093,0.837581,0.543382,0.427045,0.394971,-0.813379,-0.011139,0.571703,-0.820368,-0.011139,0.571703,0.820368,0.427045,0.394971,0.813379,0.026246,-0.092502,0.995361,-0.414899,0.392926,0.820612,-0.414899,0.392926,-0.820612,0,0.240913,-0.970519,-0.679891,0.309336,-0.664846,0.026246,-0.092502,-0.995361,0.209723,0.132237,-0.968749,-0.428022,-0.407697,-0.806574,-0.439406,-0.050264,0.896847,-0.428022,-0.407697,0.806574,-0.439406,-0.050264,-0.896847,0.067568,0.205634,0.976287,0.209723,0.132237,0.968749,0.443312,-0.062166,-0.894192,0.440046,-0.406995,-0.800439,0.440046,-0.406995,0.800439,0.443312,-0.062166,0.894192,0.616504,0.41493,-0.669118,0.616504,0.41493,0.669118,0,0.240913,0.970519,-0.616504,0.41493,0.669118,-0.616504,0.41493,-0.669118,0.067568,0.205634,-0.976287,-0.679891,0.309336,0.664846,0.679891,0.309336,-0.664846,0.679891,0.309336,0.664846,0.577349,-0.577349,-0.577349,0.577349,-0.577349,0.577349,-0.066042,0.201758,-0.977172,-0.19306,0.125278,-0.973144,-0.066042,0.201758,0.977172,-0.19306,0.125278,0.973144,0.343211,0.031007,-0.938719,0.271523,-0.167913,-0.947661,-0.271523,-0.167913,-0.947661,-0.343638,0.032197,-0.938536,0.343211,0.031007,0.938719,0.346416,0.229347,0.909574,-0.348643,0.232185,0.908017,-0.343638,0.032197,0.938536,-0.050233,0.834651,-0.548418,-0.050233,0.834651,0.548418,-0.00708,-0.086734,0.996185,-0.00708,-0.086734,-0.996185,0.346416,0.229347,-0.909574,-0.348643,0.232185,-0.908017,0.271523,-0.167913,0.947661,-0.271523,-0.167913,0.947661,-0.952269,-0.163152,0.257973,-0.952269,0.163152,0.257973,-0.952269,0.163152,-0.257973,-0.952269,-0.163152,-0.257973,0.952269,-0.163152,-0.257973,0.952269,0.163152,-0.257973,0.952269,0.163152,0.257973,0.952269,-0.163152,0.257973],
    "uvs": [],
    "vertices": [0.22556,-0.628329,-0.229969,0.22556,-0.628329,0.229969,-0.22556,-0.628329,0.229969,-0.22556,-0.628329,-0.229969,0.266051,0.885064,-0.206524,0.26605,0.885064,0.206524,-0.268398,0.885064,0.206524,-0.268398,0.885064,-0.206524,0.458928,0.321664,-0.12907,0.458928,0.321664,0.129071,-0.458928,0.321664,0.12907,-0.458928,0.321664,-0.12907,0.147058,-0.016396,-0.171509,0.147058,-0.016395,0.171509,-0.147058,-0.016395,0.171509,-0.147058,-0.016396,-0.171509,0.147058,-0.322362,-0.171509,0.147058,-0.322362,0.171509,-0.147058,-0.322362,0.171509,-0.147058,-0.322362,-0.171509,0.22556,-0.43285,-0.229969,0.22556,-0.43285,0.229969,-0.22556,-0.43285,0.229969,-0.22556,-0.43285,-0.229969,-0.118716,-0.628329,-0.229969,-0.118716,-0.628329,0.229969,-0.148671,0.787311,-0.132011,-0.148671,0.787311,0.132011,-0.148671,0.301756,-0.132011,-0.148671,0.301756,0.132011,-0.077399,-0.016395,0.171509,-0.077399,-0.016396,-0.171509,-0.077399,-0.322362,0.171509,-0.077399,-0.322362,-0.171509,-0.118716,-0.43285,0.229969,-0.118716,-0.43285,-0.229969,0.110801,-0.628329,-0.229969,0.110801,-0.628329,0.229969,0.134601,0.787311,-0.132011,0.1346,0.787311,0.132011,0.134601,0.301756,-0.132011,0.1346,0.301756,0.132011,0.072239,-0.016395,0.171509,0.072239,-0.016396,-0.171509,0.072239,-0.322362,0.171509,0.072239,-0.322362,-0.171509,0.110801,-0.43285,0.229969,0.110801,-0.43285,-0.229969,0.130094,0.885064,-0.082189,-0.141818,0.885064,-0.082189,0.130094,0.885064,0.082189,-0.141818,0.885064,0.082188,0.196988,0.204003,-0.082188,-0.211059,0.204003,-0.082189,0.196988,0.204003,0.082189,-0.211059,0.204003,0.082189,0.458929,0.629176,-0.12907,0.458928,0.629176,0.129071,-0.458929,0.629176,0.12907,-0.458928,0.629176,-0.12907,-0.211059,0.746837,-0.082189,-0.211059,0.746837,0.082188,0.196988,0.746837,0.082189,0.196988,0.746837,-0.082189,-0.148671,0.688764,-0.132011,-0.148671,0.688764,0.132011,0.1346,0.688764,0.132011,0.134601,0.688764,-0.132011,-0.401012,0.204003,0.206524,-0.401011,0.204003,-0.206524,0.401012,0.204003,-0.206524,0.401011,0.204003,0.206524,0.401012,0.746837,-0.206524,0.401011,0.746837,0.206524,-0.401012,0.746837,0.206524,-0.401012,0.746837,-0.206524],
    "metadata": {
        "colors": 6,
        "type": "Geometry",
        "generator": "io_three",
        "uvs": 0,
        "vertices": 76,
        "version": 3,
        "normals": 68,
        "faces": 74
    },
    "faces": [161,24,25,2,3,0,1,2,3,0,0,0,0,161,49,7,6,51,4,5,6,7,0,0,0,0,161,72,4,5,73,8,9,10,11,0,0,0,0,161,61,51,6,74,12,7,6,13,0,0,0,0,161,74,6,7,75,13,6,5,14,0,0,0,0,161,35,24,3,23,15,0,3,16,0,0,0,0,161,60,53,69,75,17,18,19,14,0,0,0,0,161,14,68,69,15,20,21,19,22,0,0,0,0,161,30,55,68,14,23,24,21,20,0,0,0,0,161,12,70,71,13,25,26,27,28,0,0,0,0,161,16,12,13,17,29,25,28,30,0,0,0,1,161,32,30,14,18,31,23,20,32,0,0,0,0,161,18,14,15,19,32,20,22,33,0,0,0,0,161,53,31,15,69,18,34,22,19,0,0,0,0,161,22,18,19,23,35,32,33,16,2,2,2,2,161,34,32,18,22,31,31,32,35,2,2,2,2,161,20,16,17,21,36,29,30,37,2,2,2,2,161,31,33,19,15,34,15,33,22,0,0,0,0,161,0,20,21,1,38,36,37,39,0,0,0,0,161,25,34,22,2,1,31,35,2,0,0,0,0,161,2,22,23,3,2,35,16,3,0,0,0,0,161,33,35,23,19,15,15,16,33,2,2,2,2,161,45,47,35,33,15,15,15,15,2,2,2,2,161,37,46,34,25,1,31,31,1,0,0,0,0,161,43,45,33,31,40,15,15,34,0,0,0,0,161,46,44,32,34,31,31,31,31,2,2,2,2,161,52,43,31,53,41,40,34,18,0,0,0,0,161,44,42,30,32,31,42,23,31,0,0,0,0,161,42,54,55,30,42,43,24,23,0,0,0,0,161,67,40,28,64,44,45,46,47,2,2,2,2,161,47,36,24,35,15,0,0,15,0,0,0,0,161,66,39,27,65,48,49,50,51,0,0,1,1,161,48,49,51,50,52,4,7,53,2,2,2,2,161,36,37,25,24,0,1,1,0,0,0,0,0,161,0,1,37,36,38,39,1,0,0,0,0,0,161,4,48,50,5,9,52,53,10,0,0,0,0,161,73,5,50,62,11,10,53,54,0,0,0,0,161,20,0,36,47,36,38,0,15,0,0,0,0,161,72,70,52,63,8,26,41,55,0,0,0,0,161,13,71,54,42,28,27,43,42,0,0,0,0,161,17,13,42,44,30,28,42,31,0,0,0,0,161,70,12,43,52,26,25,40,41,0,0,0,0,161,21,17,44,46,37,30,31,31,2,2,2,2,161,12,16,45,43,25,29,15,40,0,0,0,0,161,1,21,46,37,39,37,31,1,0,0,0,0,161,16,20,47,45,29,36,15,15,2,2,2,2,161,38,26,49,48,56,57,4,52,0,0,0,0,161,27,39,50,51,50,49,53,7,1,0,0,0,161,28,40,52,53,46,45,41,18,0,0,0,0,161,41,29,55,54,58,59,24,43,0,0,0,0,161,64,28,53,60,47,46,18,17,0,0,0,0,161,65,27,51,61,51,50,7,12,1,1,0,0,161,66,41,54,62,48,58,43,54,0,1,0,0,161,67,38,48,63,44,56,52,55,0,0,0,0,161,40,67,63,52,45,44,55,41,0,0,0,0,161,39,66,62,50,49,48,54,53,0,0,0,0,161,29,65,61,55,59,51,12,24,0,1,0,0,161,26,64,60,49,57,47,17,4,0,0,0,0,161,4,72,63,48,9,8,55,52,3,0,0,0,161,71,73,62,54,27,11,54,43,0,0,0,0,161,41,66,65,29,58,48,51,59,2,2,2,4,161,38,67,64,26,56,44,47,57,0,0,0,0,161,49,60,75,7,4,17,14,5,0,0,0,0,161,10,58,59,11,60,61,62,63,2,2,2,2,161,55,61,74,68,24,12,13,21,0,0,0,0,161,8,56,57,9,64,65,66,67,4,2,4,2,161,10,11,69,68,60,63,19,21,0,0,0,0,161,8,9,71,70,64,67,27,26,0,0,0,0,161,56,8,70,72,65,64,26,8,0,0,0,0,161,9,57,73,71,67,66,11,27,0,0,5,0,161,58,10,68,74,61,60,21,13,0,0,0,0,161,11,59,75,69,63,62,14,19,0,0,0,0,161,59,58,74,75,62,61,13,14,0,0,0,0,161,57,56,72,73,66,65,8,11,0,0,0,0],
    "name": "CubeGeometry"
}