{
    "vertices": [1.65544,-1.65544,-1.65544,5.23764,-1.65544,1.65544,-1.65544,-1.65544,1.65544,-1.65544,-1.65544,-3.40243,1.65544,1.65544,-1.65544,1.65544,1.65544,1.65544,-4.90258,5.03385,1.65544,-1.65544,1.65544,-1.65544,-0.01746,-1.65544,-3.40243,-0.01746,-1.65544,1.65544,-0.01746,1.65544,-1.65544,-0.017461,5.03385,1.65544,5.23764,-1.65544,0,-1.65544,-1.65544,-0,1.65544,1.65544,1e-06,-4.90258,5.03385,-1e-06,-0.01746,5.03385,0,-0.01746,-1.65544,-0,1.65544,-0,-1.65544,5.23764,0,1.65544,-4.90258,0,1.65544,-1.65544,-0,-3.40243,-0.01746,-0,-3.40243,-0.017461,0,4.50056,-4.90258,-0,-0,5.23764,0,0,-4.90258,2.51693,1.65544,-2.46002,5.03385,1.65544,-0.017461,2.51693,4.50056,-2.46002,0,4.50056,-2.46002,2.51693,4.50056],
    "normals": [0,-1,0,0.00119,-0.946684,0.322092,-0.222388,-0.950682,0.216163,-0.301889,-0.949431,-0.086154,0.439497,0.834284,0.332865,0.425886,0.797388,-0.427503,-0.615009,0.651692,-0.443861,-0.664052,0.657949,0.355052,-0.128208,0.903897,0.408032,0.787225,0.436018,-0.436018,0.660146,0.680471,-0.317942,0.725486,0.637074,0.260292,0.870785,0.213202,0.442976,-0.329447,0.32371,0.886929,-0.906644,0.123905,0.403211,-0.851314,-0.380078,-0.361583,-0.212867,0.452803,-0.86581,-0.370678,0.07358,-0.92581,0.308267,0.310251,-0.899258,0.305399,-0.628468,-0.715323,-0.30311,-0.745811,-0.593158,0.554735,0.26722,-0.787927,0.4326,-0.667531,-0.605976,0.231086,-0.311472,0.92172,0.331492,0.478103,0.813318,0.671682,-0.603565,-0.429518,0.555254,-0.757408,0.343455,0.519883,0.534593,-0.66625,0.261696,0.567614,-0.780572,-0.809198,-0.492141,0.320811,-0.36906,-0.446669,0.814997],
    "faces": [33,17,9,2,13,0,1,2,3,32,11,16,15,4,5,6,32,15,6,27,6,7,8,32,15,27,11,6,8,4,33,25,14,5,19,9,10,11,12,33,30,27,6,26,13,8,7,14,33,24,15,7,21,15,6,16,17,33,22,8,3,21,18,19,20,17,33,18,0,8,22,21,22,19,18,32,23,19,5,23,12,11,32,5,11,28,11,4,24,32,5,28,23,11,24,23,33,14,16,11,5,10,5,4,11,33,12,1,9,17,25,26,1,0,33,0,12,17,8,22,25,0,19,33,4,10,16,14,27,28,5,10,32,24,20,26,15,29,14,32,26,6,15,14,7,6,32,26,15,24,14,6,15,33,18,4,14,25,21,27,10,9,33,10,7,15,16,28,16,6,5,33,8,17,13,3,19,0,3,20,33,0,18,25,12,22,21,9,25,33,2,20,24,13,2,29,15,3,33,1,19,23,9,26,12,23,1,33,4,18,22,10,27,21,18,28,33,10,22,21,7,28,18,17,16,33,13,24,21,3,3,15,17,20,32,2,9,23,2,1,23,32,23,29,20,23,30,29,32,23,20,2,23,29,2,33,12,25,19,1,25,9,12,26,33,29,30,26,20,30,13,14,29,33,23,28,30,29,23,24,13,30,33,28,11,27,30,24,4,8,13],
    "metadata": {
        "vertices": 31,
        "normals": 31,
        "generator": "io_three",
        "version": 3,
        "faces": 35,
        "type": "Geometry",
        "uvs": 0
    },
    "name": "CubeGeometry",
    "uvs": []
}