{
    "faces": [161,8,9,2,3,0,1,2,3,0,0,0,0,161,10,7,6,11,4,5,6,7,0,0,0,0,161,0,4,5,1,8,9,10,11,0,0,0,0,160,2,9,18,2,1,12,0,0,0,160,18,11,6,12,7,6,0,0,0,160,18,6,2,12,6,2,0,0,0,161,2,6,7,3,2,6,5,3,0,0,0,0,160,7,10,23,5,4,13,0,0,0,160,23,8,3,13,0,3,0,0,0,160,23,3,7,13,3,5,0,0,0,161,25,21,8,23,13,0,0,13,0,0,0,0,161,20,17,11,18,12,14,7,12,2,2,3,4,160,15,14,22,15,16,17,2,5,2,160,22,10,11,17,4,7,2,2,6,160,11,17,15,7,14,15,6,2,2,160,22,11,15,17,7,15,2,6,2,160,21,12,13,0,0,1,0,0,0,160,13,16,9,1,1,1,0,0,0,160,9,8,21,1,0,0,0,0,0,160,13,9,21,1,1,0,0,0,0,161,0,1,13,12,8,11,1,0,0,0,0,0,161,4,14,15,5,9,16,15,10,0,0,0,0,160,13,1,5,1,11,10,0,0,0,160,5,15,19,10,15,12,0,0,0,160,5,19,13,10,12,1,0,0,0,160,14,4,0,16,9,8,0,0,0,160,0,12,24,8,0,13,0,0,0,160,0,24,14,8,13,16,0,0,0,161,16,20,18,9,1,12,12,1,0,0,0,0,161,13,19,20,16,1,12,12,1,0,0,0,0,161,19,15,17,20,12,15,14,12,4,2,2,2,161,22,25,23,10,17,13,13,4,2,2,2,2,161,14,24,25,22,16,13,13,17,5,7,2,2,161,24,12,21,25,13,0,0,13,0,0,0,0],
    "normals": [0,-0.707083,-0.707083,0,-0.707083,0.707083,-0.681295,-0.470595,0.560656,-0.681295,-0.470595,-0.560656,0.27015,0.722709,-0.636128,-0.455153,0.658956,-0.598773,-0.455153,0.658956,0.598773,0.27015,0.722709,0.636128,0.653188,-0.504013,-0.56505,0.492325,0.63802,-0.592029,0.492325,0.63802,0.592029,0.653188,-0.504013,0.56505,0,0,1,0,0,-1,0.46382,0.533708,0.707083,0.212378,0.568163,0.795007,0.212378,0.568163,-0.795007,0.463759,0.533647,-0.707144],
    "name": "CubeGeometry.10",
    "colors": [16777215,0,1734911,2258687,1800447,2062079,3175423,3502335],
    "uvs": [],
    "metadata": {
        "faces": 34,
        "type": "Geometry",
        "colors": 8,
        "uvs": 0,
        "normals": 18,
        "version": 3,
        "generator": "io_three",
        "vertices": 26
    },
    "vertices": [1.58545,0.020817,-0.615529,1.58545,0.020817,0.615529,-1.58545,0.020817,0.615529,-1.58545,0.020817,-0.615529,1.42406,0.636449,-0.615529,1.42406,0.636449,0.615529,-1.1195,1.25188,0.615529,-1.1195,1.25188,-0.615529,0.292632,0.020817,-0.615529,0.292632,0.020817,0.615529,0.292632,1.25188,-0.615529,0.292631,1.25188,0.615529,1.0008,0.020817,-0.615529,1.0008,0.020817,0.615529,1.0008,0.636449,-0.615529,1.0008,0.636449,0.615529,0.646715,0.020817,0.615529,0.646715,0.944162,0.615529,0.292632,0.721812,0.615529,1.0008,0.601902,0.615529,0.646715,0.48249,0.615529,0.646716,0.020817,-0.615529,0.646716,0.944162,-0.615529,0.292632,0.765135,-0.615529,1.0008,0.574888,-0.615529,0.646716,0.48249,-0.615529]
}