{
    "vertices": [2.57575,0.012366,-1,2.57575,0.012366,1,-2.57575,0.012366,1,-2.57575,0.012366,-1,2.31356,1.01253,-1,2.31356,1.01253,1,-1.81876,2.01237,1,-1.81875,2.01237,-1,0.475416,0.012366,-1,0.475415,0.012366,1,0.475416,2.01237,-1,0.475414,2.01237,1,1.62592,0.012366,-1,1.62592,0.012366,1,1.62592,1.01253,-1,1.62591,1.01253,1],
    "normals": [0,-0.707083,-0.707083,0,-0.707083,0.707083,-0.681295,-0.470595,0.560656,-0.681295,-0.470595,-0.560656,0.27015,0.722709,-0.636128,-0.455153,0.658956,-0.598773,-0.455153,0.658956,0.598773,0.27015,0.722709,0.636128,0.653188,-0.504013,-0.56505,0.492325,0.63802,-0.592029,0.492325,0.63802,0.592029,0.653188,-0.504013,0.56505,0.212378,0.568163,-0.795007,0.212378,0.568163,0.795007],
    "faces": [33,8,9,2,3,0,1,2,3,33,10,7,6,11,4,5,6,7,33,0,4,5,1,8,9,10,11,33,9,11,6,2,1,7,6,2,33,2,6,7,3,2,6,5,3,33,10,8,3,7,4,0,3,5,33,14,12,8,10,12,0,0,4,33,13,15,11,9,1,13,7,1,33,14,10,11,15,12,4,7,13,33,12,13,9,8,0,1,1,0,33,0,1,13,12,8,11,1,0,33,4,14,15,5,9,12,13,10,33,1,5,15,13,11,10,13,1,33,4,0,12,14,9,8,0,12],
    "metadata": {
        "vertices": 16,
        "normals": 14,
        "generator": "io_three",
        "version": 3,
        "faces": 14,
        "type": "Geometry",
        "uvs": 0
    },
    "name": "CubeGeometry.1",
    "uvs": []
}