{
    "faces": [161,26,27,2,3,0,1,2,3,0,0,0,0,161,28,7,6,29,4,5,6,7,1,1,1,1,161,0,4,5,1,8,9,10,11,2,1,1,1,161,27,29,6,2,1,7,6,2,1,1,1,1,161,2,6,7,3,2,6,5,3,1,1,3,1,161,28,26,3,7,4,0,3,5,1,1,4,1,161,25,21,8,23,12,0,0,12,1,1,1,1,161,20,17,11,18,13,14,15,13,5,5,6,7,160,15,14,22,16,17,18,5,8,5,160,22,10,11,18,19,15,5,5,10,160,11,17,15,15,14,16,10,5,5,160,22,11,15,18,15,16,5,10,5,160,21,12,13,0,0,1,0,0,0,160,13,16,9,1,1,1,0,0,0,160,9,8,21,1,0,0,0,0,0,160,13,9,21,1,1,0,0,0,0,161,0,1,13,12,8,11,1,0,0,0,0,0,161,4,14,15,5,9,17,16,10,1,1,1,1,160,13,1,5,1,11,10,1,1,11,160,5,15,19,10,16,13,11,1,1,160,5,19,13,10,13,1,11,1,1,160,14,4,0,17,9,8,1,1,2,160,0,12,24,8,0,12,2,1,1,160,0,24,14,8,12,17,2,1,1,161,16,20,18,9,1,13,13,1,1,1,1,1,161,13,19,20,16,1,13,13,1,1,1,1,1,161,19,15,17,20,13,16,14,13,7,5,5,5,161,22,25,23,10,18,12,12,19,5,5,5,5,161,14,24,25,22,17,12,12,18,8,12,5,5,161,24,12,21,25,12,0,0,12,1,1,1,1,161,32,30,26,28,4,0,0,4,13,13,13,13,161,31,33,29,27,1,7,7,1,13,13,13,13,161,32,28,29,33,4,4,7,7,13,13,13,13,161,30,31,27,26,0,1,1,0,0,0,0,0,161,8,9,31,30,0,1,1,0,0,0,0,0,161,10,32,33,11,19,4,7,15,1,1,1,1,160,31,9,18,1,1,13,1,1,1,160,18,11,33,13,15,7,1,1,1,160,18,33,31,13,7,1,1,1,1,160,32,10,23,4,19,12,1,1,1,160,23,8,30,12,0,0,1,1,1,160,23,30,32,12,0,4,1,1,1],
    "colors": [16777215,11900777,11901034,11966571,11966828,1734911,2258687,1800447,2062079,0,3175423,11966570,3502335,9791413],
    "normals": [0,-0.707083,-0.707083,0,-0.707083,0.707083,-0.681295,-0.470595,0.560656,-0.681295,-0.470595,-0.560656,0,0.707083,-0.707083,-0.455153,0.658956,-0.598773,-0.455153,0.658956,0.598773,0,0.707083,0.707083,0.653188,-0.504013,-0.56505,0.492325,0.63802,-0.592029,0.492325,0.63802,0.592029,0.653188,-0.504013,0.56505,0,0,-1,0,0,1,0.46382,0.533708,0.707083,0.27015,0.722709,0.636128,0.212378,0.568163,0.795007,0.212378,0.568163,-0.795007,0.463759,0.533647,-0.707144,0.27015,0.722709,-0.636128],
    "uvs": [],
    "name": "CubeGeometry",
    "vertices": [1.58545,0.020817,-0.615529,1.58545,0.020817,0.615529,-1.58545,0.020817,0.615529,-1.58545,0.020817,-0.615529,1.42406,0.636449,-0.615529,1.42406,0.636449,0.615529,-1.1195,1.25188,0.615529,-1.1195,1.25188,-0.615529,0.292632,0.020817,-0.615529,0.292632,0.020817,0.615529,0.292632,1.25188,-0.615529,0.292631,1.25188,0.615529,1.0008,0.020817,-0.615529,1.0008,0.020817,0.615529,1.0008,0.636449,-0.615529,1.0008,0.636449,0.615529,0.646715,0.020817,0.615529,0.646715,0.944162,0.615529,0.292632,0.721812,0.615529,1.0008,0.601902,0.615529,0.646715,0.48249,0.615529,0.646716,0.020817,-0.615529,0.646716,0.944162,-0.615529,0.292632,0.765135,-0.615529,1.0008,0.574888,-0.615529,0.646716,0.48249,-0.615529,-1.11786,0.020817,-0.615529,-1.11786,0.020817,0.615529,-0.42038,1.25188,-0.615529,-0.420381,1.25188,0.615529,-0.511376,0.020817,-0.615529,-0.511376,0.020817,0.615529,-0.156576,1.25188,-0.615529,-0.156578,1.25188,0.615529],
    "metadata": {
        "colors": 14,
        "faces": 42,
        "generator": "io_three",
        "normals": 20,
        "type": "Geometry",
        "vertices": 34,
        "version": 3,
        "uvs": 0
    }
}