{
    "name":"CubeGeometry",
    "uvs":[],
    "vertices":[0.323637,0,-0.323637,0.323637,0,0.323637,-0.323637,0,0.323637,-0.323637,0,-0.323637,0.232166,0.370999,-0.232165,0.232165,0.370999,0.232166,-0.232166,0.370999,0.232165,-0.232165,0.370999,-0.232165,0.323638,0.370999,-0.323637,0.323637,0.370999,0.323638,-0.323637,0.370999,-0.323637,-0.323637,0.370999,0.323637,0.232166,0.490741,-0.232165,0.232165,0.490741,0.232166,-0.232165,0.490741,-0.232165,-0.232166,0.490741,0.232165,0.353654,0.689412,-0.353654,0.353654,0.689412,0.353654,-0.353654,0.689412,-0.353654,-0.353654,0.689412,0.353654,0.353654,1.00717,-0.353654,0.353654,1.00717,0.353654,-0.353654,1.00717,-0.353654,-0.353654,1.00717,0.353654,0.255568,1.32189,-0.255567,0.255567,1.32189,0.255568,-0.255568,1.32189,-0.255568,-0.255568,1.32189,0.255567,0.207793,1.56108,-0.207793,0.207793,1.56108,0.207793,-0.207793,1.56108,-0.207793,-0.207793,1.56108,0.207793,0.272284,2.23326,-0.272283,0.272283,2.23326,0.272284,-0.272284,2.23326,-0.272284,-0.272284,2.23326,0.272283,0.203857,2.361,-0.203857,0.203857,2.361,0.203857,-0.203857,2.361,-0.203857,-0.203857,2.361,0.203857,0.272284,2.361,-0.272283,0.272283,2.361,0.272284,-0.272284,2.361,-0.272284,-0.272284,2.361,0.272283,0.203857,2.52268,-0.203857,0.203857,2.52268,0.203857,-0.203857,2.52268,-0.203857,-0.203857,2.52268,0.203857,0.300888,2.60148,-0.300888,0.300888,2.60148,0.300888,-0.300888,2.60148,-0.300888,-0.300888,2.60148,0.300888,0.300888,2.78981,-0.300888,0.300888,2.78981,0.300888,-0.300888,2.78981,-0.300888,-0.300888,2.78981,0.300888,0.173476,2.95633,-0.173476,0.173475,2.95633,0.173476,-0.173476,2.95633,-0.173476,-0.173476,2.95633,0.173475,0.173476,2.95633,-0.173476,0.173475,2.95633,0.173476,-0.173476,2.95633,-0.173476,-0.173476,2.95633,0.173475,0.048777,3.08501,-0.048777,0.048777,3.08501,0.048777,-0.048777,3.08501,-0.048777,-0.048777,3.08501,0.048777],
    "normals":[0.577349,-0.577349,-0.577349,0.577349,-0.577349,0.577349,-0.577349,-0.577349,0.577349,-0.577349,-0.577349,-0.577349,-0.301492,0.904508,0.301492,0.301492,0.904508,0.301492,0.643422,-0.414716,0.643422,-0.643422,-0.414716,0.643422,0.577349,0.577349,-0.577349,0.577349,0.577349,0.577349,-0.577349,0.577349,0.577349,-0.577349,0.577349,-0.577349,0.301492,0.904508,-0.301492,-0.301492,0.904508,-0.301492,-0.643422,-0.414716,-0.643422,-0.673147,-0.306131,0.673147,-0.673147,-0.306131,-0.673147,0.643422,-0.414716,-0.643422,0.673147,-0.306131,-0.673147,-0.694266,0.189489,-0.694266,0.694266,0.189489,-0.694266,0.673147,-0.306131,0.673147,-0.694266,0.189489,0.694266,0.694266,0.189489,0.694266,0.662648,0.348949,0.662648,-0.662648,0.348949,0.662648,-0.662648,0.348949,-0.662648,-0.704947,0.077578,0.704947,-0.704947,0.077578,-0.704947,0.662648,0.348949,-0.662648,0.704947,0.077578,0.704947,0.705588,-0.065401,0.705588,-0.705588,-0.065401,0.705588,0.704947,0.077578,-0.704947,0.705588,-0.065401,-0.705588,-0.705588,-0.065401,-0.705588,0.546068,-0.635273,0.546068,-0.546068,-0.635273,0.546068,0.640889,-0.422468,0.640889,-0.640889,-0.422468,0.640889,0.546068,-0.635273,-0.546068,-0.546068,-0.635273,-0.546068,-0.640889,-0.422468,-0.640889,-0.663289,0.346416,0.663289,-0.663289,0.346416,-0.663289,0.640889,-0.422468,-0.640889,0.663289,0.346416,0.663289,0.293954,0.449843,0.843318,-0.293954,0.449843,0.843318,0.663289,0.346416,-0.663289,0.494064,0.756066,0.429182,0.240303,0.465773,0.851619,0.167852,0.325327,0.93057,-0.494064,0.756066,0.429182,-0.240303,0.465773,0.851619,-0.167852,0.325327,0.93057,-0.306345,0.901273,0.306345,-0.306314,0.901273,-0.306314,0.306345,0.901273,-0.306314,0.306345,0.901273,0.306345],
    "faces":[161,0,1,2,3,0,1,2,3,0,0,0,0,161,6,5,13,15,4,5,6,7,1,0,0,0,161,0,8,9,1,0,8,9,1,0,0,0,0,161,1,9,11,2,1,9,10,2,0,0,0,0,161,2,11,10,3,2,10,11,3,0,0,0,0,161,8,0,3,10,8,0,3,11,0,0,0,0,161,4,5,9,8,12,5,9,8,0,0,0,0,161,7,4,8,10,13,12,8,11,0,0,0,0,161,5,6,11,9,5,4,10,9,0,0,0,0,161,6,7,10,11,4,13,11,10,0,0,0,0,161,14,15,19,18,14,7,15,16,0,0,0,0,161,5,4,12,13,5,12,17,6,0,0,0,0,161,7,6,15,14,13,4,7,14,0,0,0,2,161,4,7,14,12,12,13,14,17,0,0,0,0,161,16,18,22,20,18,16,19,20,0,2,0,0,161,12,14,18,16,17,14,16,18,0,0,2,0,161,15,13,17,19,7,6,21,15,0,0,0,0,161,13,12,16,17,6,17,18,21,0,0,0,0,161,23,21,25,27,22,23,24,25,0,0,0,0,161,19,17,21,23,15,21,23,22,0,0,0,0,161,17,16,20,21,21,18,20,23,0,0,0,0,161,18,19,23,22,16,15,22,19,0,0,0,0,161,26,27,31,30,26,25,27,28,0,0,0,0,161,21,20,24,25,23,20,29,24,0,0,0,0,161,22,23,27,26,19,22,25,26,0,0,0,0,161,20,22,26,24,20,19,26,29,0,0,0,0,161,31,29,33,35,27,30,31,32,0,0,0,0,161,24,26,30,28,29,26,28,33,0,0,1,0,161,27,25,29,31,25,24,30,27,0,0,0,0,161,25,24,28,29,24,29,33,30,0,0,0,0,161,35,33,41,43,32,31,9,10,0,0,0,0,161,29,28,32,33,30,33,34,31,0,0,0,0,161,30,31,35,34,28,27,32,35,0,0,0,3,161,28,30,34,32,33,28,35,34,0,1,4,0,161,39,37,45,47,4,5,36,37,0,0,0,0,161,33,32,40,41,31,34,8,9,0,0,0,0,161,34,35,43,42,35,32,10,11,3,0,0,3,161,32,34,42,40,34,35,11,8,0,4,0,0,161,36,37,41,40,12,5,9,8,0,0,0,0,161,38,36,40,42,13,12,8,11,0,0,0,0,161,37,39,43,41,5,4,10,9,0,0,0,0,161,39,38,42,43,4,13,11,10,0,0,0,0,161,47,45,49,51,37,36,38,39,0,0,0,0,161,37,36,44,45,5,12,40,36,0,0,0,0,161,38,39,47,46,13,4,37,41,0,0,0,0,161,36,38,46,44,12,13,41,40,0,0,0,0,161,50,51,55,54,42,39,43,44,0,0,0,0,161,45,44,48,49,36,40,45,38,0,0,0,0,161,46,47,51,50,41,37,39,42,0,0,0,0,161,44,46,50,48,40,41,42,45,0,0,5,0,161,55,53,57,59,43,46,47,48,0,0,0,0,161,48,50,54,52,45,42,44,49,0,5,0,6,161,51,49,53,55,39,38,46,43,0,0,0,0,161,49,48,52,53,38,45,49,46,0,0,0,0,161,57,56,60,61,47,50,51,52,7,7,7,7,161,53,52,56,57,46,49,50,47,0,0,0,0,161,54,55,59,58,44,43,48,53,0,0,0,0,161,52,54,58,56,49,44,53,50,6,0,0,1,161,62,63,67,66,54,55,56,57,0,0,0,0,161,58,59,63,62,53,48,55,54,7,7,7,7,161,56,58,62,60,50,53,54,51,7,7,7,7,161,59,57,61,63,48,47,52,55,7,7,7,7,161,64,66,67,65,58,57,56,59,0,0,0,0,161,60,62,66,64,51,54,57,58,1,0,0,0,161,63,61,65,67,55,52,59,56,0,0,0,0,161,61,60,64,65,52,51,58,59,0,0,0,0],
    "metadata":{
        "uvs":0,
        "vertices":68,
        "normals":60,
        "generator":"io_three",
        "faces":66,
        "type":"Geometry",
        "version":3,
        "colors":8
    },
    "colors":[16740382,16740639,16740383,16740897,16746820,16740640,16740896,16777215]
}