{
    "colors": [12255164,9495807,0,12189628,9561597],
    "normals": [0.122105,0.763146,0.634541,0.122105,0.763146,-0.634541,-0.335032,0.677084,-0.655202,-0.335032,0.677084,0.655171,-0.545183,0.490738,-0.679617,-0.545183,0.490738,0.679617,-0.622211,0.367473,-0.691214,-0.622211,0.367473,0.691214,-0.657002,0.288369,-0.696524,-0.657002,0.288369,0.696524,-0.67626,0.23191,-0.699179,-0.67626,0.23191,0.699179,-0.688559,0.187231,-0.700552,-0.688559,0.187231,0.700552,-0.697226,0.148656,-0.701254,-0.697226,0.148656,0.701254,-0.703726,0.112583,-0.701468,-0.703726,0.112583,0.701468,-0.708792,0.076327,-0.701254,-0.708792,0.076327,0.701254,-0.712607,0.036958,-0.700552,-0.712607,0.036958,0.700552,-0.714866,-0.009278,-0.699179,-0.714866,-0.009278,0.699179,-0.714194,-0.068972,-0.696524,-0.714194,-0.068972,0.696524,-0.705802,-0.154973,-0.691214,-0.705802,-0.154973,0.691214,-0.671102,-0.296091,-0.679617,-0.671102,-0.296091,0.679617,-0.529588,-0.538713,-0.655202,-0.529588,-0.538713,0.655202,-0.122105,-0.763146,-0.634541,-0.122105,-0.763146,0.634541,0.335032,-0.677084,-0.655202,0.335032,-0.677084,0.655202,0.545183,-0.490738,-0.679617,0.545183,-0.490738,0.679617,0.622211,-0.367473,-0.691214,0.622211,-0.367473,0.691214,0.657002,-0.288369,-0.696524,0.657002,-0.288369,0.696524,0.67626,-0.23191,-0.699179,0.67626,-0.23191,0.699179,0.688559,-0.187231,-0.700552,0.688559,-0.187231,0.700552,0.697226,-0.148656,-0.701254,0.697226,-0.148656,0.701254,0.703726,-0.112583,-0.701468,0.703726,-0.112583,0.701468,0.708792,-0.076327,-0.701254,0.708792,-0.076327,0.701254,0.712607,-0.036958,-0.700552,0.712607,-0.036958,0.700552,0.714866,0.009278,-0.699179,0.714866,0.009278,0.699179,0.714194,0.068972,-0.696524,0.714194,0.068972,0.696524,0.705802,0.154973,-0.691214,0.705802,0.154973,0.691214,0.671102,0.296091,-0.679617,0.671102,0.296091,0.679617,0.529588,0.538713,-0.655202,0.529588,0.538713,0.655202,-0.111728,-0.698202,-0.707083,-0.111728,-0.698202,0.707083,-0.661306,-0.478866,0.577319,-0.661306,-0.478866,-0.577349,0.111728,0.698202,-0.707083,-0.478835,0.661306,-0.577349,-0.478866,0.661306,0.577319,0.111728,0.698202,0.707083,0.698233,-0.111728,-0.707083,0.661336,0.478835,-0.577319,0.661306,0.478866,0.577349,0.698202,-0.111698,0.707114,0,0,1,-0.083377,-0.521104,0.849391,0.307901,-0.425245,0.85107,0.521104,-0.083377,0.849391,-0.698202,0.111728,0.707083,-0.698202,0.111698,-0.707114,0,0,-1,0.083377,0.521104,-0.849391,0.425245,0.307901,-0.85107,0.521104,-0.083377,-0.849391,-0.083377,-0.521104,-0.849391,0.307901,-0.425245,-0.85107,0.083377,0.521104,0.849391,0.425245,0.307901,0.85107,0.478866,-0.661306,-0.577319,0.478866,-0.661306,0.577349,-0.307901,0.425245,0.85107,-0.521104,0.083377,0.849391,-0.425245,-0.307901,-0.85107,-0.521104,0.083377,-0.849391,-0.307901,0.425245,-0.85107,-0.425245,-0.307901,0.85107,0.054231,0.338939,-0.939238,0.286721,0.207617,-0.935209,-0.286721,-0.207617,-0.935209,-0.338939,0.054231,-0.939238,0.286721,0.207617,0.935209,0.054231,0.338939,0.939238,-0.338939,0.054231,0.939238,-0.286721,-0.207617,0.935209,0.207617,-0.286721,0.935209,0.338939,-0.054231,0.939238,0.338939,-0.054231,-0.939238,0.207617,-0.286721,-0.935209,-0.054231,-0.338939,-0.939238,-0.054231,-0.338939,0.939238,-0.207617,0.286721,-0.935209,-0.207617,0.286721,0.935209],
    "uvs": [],
    "vertices": [-0.066967,0.185427,-0.018135,-0.066967,0.185427,0.025024,-0.061331,0.186618,-0.018135,-0.061331,0.186618,0.025024,-0.055257,0.191846,-0.018135,-0.055257,0.191846,0.025024,-0.048981,0.200909,-0.018135,-0.048981,0.200909,0.025024,-0.042742,0.21346,-0.018135,-0.042742,0.21346,0.025024,-0.036782,0.229015,-0.018135,-0.036782,0.229015,0.025024,-0.031328,0.246977,-0.018135,-0.031328,0.246977,0.025024,-0.02659,0.266656,-0.018135,-0.02659,0.266656,0.025024,-0.022751,0.287296,-0.018135,-0.022751,0.287296,0.025024,-0.019958,0.308103,-0.018135,-0.019958,0.308103,0.025024,-0.018318,0.328278,-0.018135,-0.018318,0.328278,0.025024,-0.017894,0.347045,-0.018135,-0.017894,0.347045,0.025024,-0.018704,0.363683,-0.018135,-0.018704,0.363683,0.025024,-0.020714,0.377554,-0.018135,-0.020714,0.377554,0.025024,-0.023849,0.388123,-0.018135,-0.023849,0.388123,0.025024,-0.027988,0.394985,-0.018135,-0.027988,0.394985,0.025024,-0.032971,0.397876,-0.018135,-0.032971,0.397876,0.025024,-0.038608,0.396684,-0.018135,-0.038608,0.396684,0.025024,-0.044681,0.391456,-0.018135,-0.044681,0.391456,0.025024,-0.050958,0.382393,-0.018135,-0.050958,0.382393,0.025024,-0.057196,0.369843,-0.018135,-0.057196,0.369843,0.025024,-0.063157,0.354288,-0.018135,-0.063157,0.354288,0.025024,-0.068611,0.336325,-0.018135,-0.068611,0.336325,0.025024,-0.073348,0.316646,-0.018135,-0.073348,0.316646,0.025024,-0.077188,0.296007,-0.018135,-0.077188,0.296007,0.025024,-0.079981,0.2752,-0.018135,-0.079981,0.2752,0.025024,-0.08162,0.255025,-0.018135,-0.08162,0.255025,0.025024,-0.082044,0.236258,-0.018135,-0.082044,0.236258,0.025024,-0.081235,0.219619,-0.018135,-0.081235,0.219619,0.025024,-0.079224,0.205749,-0.018135,-0.079224,0.205749,0.025024,-0.076089,0.19518,-0.018135,-0.076089,0.19518,0.025024,-0.071951,0.188318,-0.018135,-0.071951,0.188318,0.025024,0.054247,0.529005,0.031651,0.054247,0.529005,-0.031651,-0.074916,0.549673,-0.031651,-0.074916,0.549673,0.031651,0.074916,0.658168,0.031651,0.074916,0.658168,-0.031651,-0.054247,0.678837,-0.031651,-0.054247,0.678836,0.031651,0.216195,0.569325,-0.005,0.216195,0.569325,0.005,-0.216195,0.638516,0.005,-0.216195,0.638516,-0.005,-0.034595,0.387726,-0.005,-0.034595,0.387726,0.005,0.034595,0.820116,-0.005,0.034595,0.820116,0.005,0,0.603921,0.031651,-0,0.603921,-0.031651,-0.064874,0.19851,-0.005,-0.470285,0.263383,-0.005,0.405411,0.539047,-0.005,0.470285,0.944458,-0.005,-0.064874,0.19851,0.005,-0.470285,0.263383,0.005,0.405411,0.539047,0.005,0.470284,0.944458,0.005,-0.405411,0.668794,0.005,-0.340537,1.07421,0.005,-0.405411,0.668794,-0.005,-0.340537,1.07421,-0.005,0.064874,1.00933,-0.005,0.064873,1.00933,0.005,0.340537,0.133636,-0.005,0.340537,0.133636,0.005,-0.014806,0.511394,0.031651,-0.175046,0.477169,-0.005,0.092527,0.589115,0.031651,0.175046,0.730673,-0.005,-0.014806,0.511394,-0.031651,-0.175046,0.477169,0.005,0.092527,0.589115,-0.031651,0.175046,0.730673,0.005,-0.092527,0.618727,-0.031651,-0.126752,0.778966,0.005,-0.092527,0.618727,0.031651,-0.126752,0.778966,-0.005,0.014806,0.696447,0.031651,0.014806,0.696447,-0.031651,0.126752,0.428875,-0.005,0.126752,0.428875,0.005,-0.079005,0.110202,-0.005,-0.572723,0.189206,-0.005,0.493719,0.524916,-0.005,0.572723,1.01863,-0.005,-0.079005,0.110202,0.005,-0.572723,0.189207,0.005,0.493718,0.524916,0.005,0.572723,1.01863,0.005,-0.493719,0.682925,0.005,-0.414714,1.17664,0.005,-0.493718,0.682925,-0.005,-0.414714,1.17664,-0.005,0.079005,1.09764,-0.005,0.079004,1.09764,0.005,0.414714,0.031197,-0.005,0.414714,0.031197,0.005,-0.019198,0.483946,-0.005,-0.097139,0.533581,-0.005,0.119974,0.584722,-0.005,0.097139,0.67426,-0.005,-0.019198,0.483946,0.005,-0.097139,0.533581,0.005,0.119974,0.584722,0.005,0.097139,0.67426,0.005,-0.119974,0.623119,0.005,-0.070339,0.70106,0.005,-0.119974,0.623119,-0.005,-0.070339,0.70106,-0.005,0.019198,0.723895,-0.005,0.019198,0.723895,0.005,0.070339,0.506781,-0.005,0.070339,0.506781,0.005],
    "metadata": {
        "colors": 5,
        "type": "Geometry",
        "generator": "io_three",
        "uvs": 0,
        "vertices": 146,
        "version": 3,
        "normals": 114,
        "faces": 172
    },