{
    "vertices": [-2.89685,-0.001475,2.94381,-2.89685,0.000422,2.94381,-2.89685,-0.001476,-2.933,-2.89685,0.000421,-2.933,3.1001,-0.001475,2.94381,3.1001,0.000422,2.94381,3.1001,-0.001476,-2.933,3.1001,0.000421,-2.933,-2.89685,0.000422,1.69212,3.1001,0.000422,-0.595578,-2.89685,0.000422,-0.447046,3.1001,0.000422,2.14457,-2.89685,0.000422,2.80918,3.1001,0.000421,-2.73475,-2.89685,0.000422,2.76171,3.1001,0.000422,-1.66516,-2.89685,0.000422,0.622539,3.1001,0.000422,0.474007,-2.76924,-0,-2.92582,-2.76924,0.88563,-2.92582,3.08175,-0,-2.92582,3.08175,0.88563,-2.92582,-2.76924,-0,-2.79198,-2.76924,0.88563,-2.79198,3.08175,-0,-2.79198,3.08175,0.88563,-2.79198,-2.76924,1.53016,-2.92582,3.08175,1.53016,-2.92582,3.08175,1.53016,-2.79198,-2.76924,1.53016,-2.79198,-2.76924,2.11449,-2.92582,3.08175,2.11449,-2.92582,3.08175,2.11449,-2.79198,-2.76924,2.11449,-2.79198,-2.76924,0,2.80864,-2.76924,0.88563,2.80864,3.09119,0,2.80864,3.09119,0.88563,2.80864,-2.76924,0,2.94248,-2.76924,0.88563,2.94248,3.09119,0,2.94248,3.09119,0.88563,2.94248,-2.76924,1.53016,2.80864,3.09119,1.53016,2.80864,3.09119,1.53016,2.94248,-2.76924,1.53016,2.94248,-2.76924,2.11449,2.80864,3.09119,2.11449,2.80864,3.09119,2.11449,2.94248,-2.76924,2.11449,2.94248,-2.7608,-0,-2.92609,-2.7608,0.88563,-2.92609,-2.7608,0,2.94044,-2.7608,0.88563,2.94044,-2.89463,-0,-2.92609,-2.89463,0.88563,-2.92609,-2.89463,0,2.94044,-2.89463,0.88563,2.94044,-2.7608,1.53016,-2.93021,-2.7608,1.53016,2.93021,-2.89463,1.53016,2.93021,-2.89463,1.53016,-2.93021,-2.7608,2.11449,-2.93021,-2.7608,2.11449,2.93021,-2.89463,2.11449,2.93021,-2.89463,2.11449,-2.93021],
    "metadata": {
        "version": 3,
        "type": "Geometry",
        "uvs": 0,
        "vertices": 66,
        "generator": "io_three",
        "normals": 26,
        "colors": 25,
        "faces": 65
    },
    "normals": [-0.57738,-0.577258,0.57738,-0.577288,0.57741,0.577288,-0.707022,0.707144,0,-0.577288,0.57741,-0.577288,-0.57738,-0.577258,-0.57738,0.577349,0.577349,-0.577349,0.577349,-0.577349,-0.577349,0.707083,0.707083,0,0.577349,0.577349,0.577349,0.577349,-0.577349,0.577349,-0.707083,0,-0.707083,0.707083,0,-0.707083,-0.577349,-0.577349,-0.577349,0.707083,0,0.707083,-0.707083,0,0.707083,-0.577349,-0.577349,0.577349,-0.577349,0.577349,0.577349,-0.577349,0.577349,-0.577349,0.707816,-0.002258,-0.706381,0.705313,0.005615,0.708853,-0.705313,0.005615,0.708853,-0.707816,-0.002258,-0.706381,-0.708884,0.005585,0.705283,-0.706381,-0.002258,-0.707816,0.708884,0.005585,0.705283,0.706381,-0.002258,-0.707816],
    "colors": [13493247,0,16777215,16774286,16708751,16577172,16774287,13690367,16732470,16602684,16732727,16732471,13559039,16602686,14544127,16120831,13558783,16317695,16514559,15988735,16602685,15397887,13821439,16537663,13953023],
    "faces": [160,0,1,12,0,1,2,0,0,0,160,14,8,16,2,2,2,0,0,0,160,0,12,14,0,2,2,0,0,0,160,3,2,0,3,4,0,0,0,0,160,16,10,3,2,2,3,0,0,0,160,0,14,16,0,2,2,0,0,0,160,16,3,0,2,3,0,0,0,0,161,3,7,6,2,3,5,6,4,0,0,0,0,160,6,7,13,6,5,7,0,0,0,160,15,9,17,7,7,7,0,0,0,160,6,13,15,6,7,7,0,0,0,160,5,4,6,8,9,6,0,0,0,160,15,17,11,7,7,7,0,0,0,160,11,5,6,7,8,6,0,0,0,160,15,11,6,7,7,6,0,0,0,161,0,4,5,1,0,9,8,1,0,0,0,0,161,0,2,6,4,0,4,6,9,2,2,2,2,161,13,7,3,10,7,5,3,2,0,0,0,0,161,17,9,8,14,7,7,2,2,3,3,4,5,161,5,11,12,1,8,7,2,1,0,0,0,0,161,15,13,10,16,7,7,2,2,3,3,3,6,161,9,15,16,8,7,7,2,2,0,0,0,0,161,11,17,14,12,7,7,2,2,0,0,0,0,161,19,21,20,18,10,11,6,12,0,0,0,0,161,21,25,24,20,11,13,9,6,0,0,7,0,161,25,23,22,24,13,14,15,9,0,0,0,7,161,23,19,18,22,14,10,12,15,2,2,2,2,161,18,20,24,22,12,6,9,15,2,2,2,2,161,23,25,28,29,14,13,13,14,8,9,8,8,161,28,27,31,32,13,11,5,8,0,0,0,0,161,21,19,26,27,11,10,10,11,10,8,8,8,161,19,23,29,26,10,14,14,10,2,2,2,2,161,25,21,27,28,13,11,11,13,8,11,8,8,161,33,32,31,30,16,8,5,17,0,0,0,0,161,29,28,32,33,14,13,8,16,0,0,0,0,161,27,26,30,31,11,10,17,5,0,0,0,0,161,26,29,33,30,10,14,16,17,2,2,2,2,161,35,37,36,34,10,11,6,12,0,0,0,0,161,37,41,40,36,11,13,9,6,0,0,0,0,161,41,39,38,40,13,14,15,9,0,0,0,12,161,39,35,34,38,14,10,12,15,0,0,0,0,161,34,36,40,38,12,6,9,15,2,2,2,2,161,39,41,44,45,14,13,13,14,8,8,10,13,161,44,43,47,48,13,11,5,8,14,0,0,0,161,37,35,42,43,11,10,10,11,8,8,8,8,161,35,39,45,42,10,14,14,10,0,0,0,0,161,41,37,43,44,13,11,11,13,8,8,8,8,161,49,48,47,46,16,8,5,17,0,0,0,0,161,45,44,48,49,14,13,8,16,0,0,0,15,161,43,42,46,47,11,10,17,5,0,16,0,7,161,42,45,49,46,10,14,16,17,0,0,17,0,161,51,53,52,50,18,19,9,6,0,0,0,0,161,53,57,56,52,19,20,15,9,0,0,0,0,161,57,55,54,56,20,21,12,15,0,0,0,0,161,55,51,50,54,21,18,6,12,0,0,0,0,161,50,52,56,54,6,9,15,12,2,18,19,2,161,55,57,60,61,21,20,22,23,20,8,8,8,161,60,59,63,64,22,24,8,16,0,0,21,22,161,53,51,58,59,19,18,25,24,8,8,8,8,161,51,55,61,58,18,21,23,25,8,8,8,8,161,57,53,59,60,20,19,24,22,8,8,23,10,161,65,64,63,62,17,16,8,5,0,0,0,0,161,61,60,64,65,23,22,16,17,0,0,22,2,161,59,58,62,63,24,25,5,8,0,0,0,0,161,58,61,65,62,25,23,17,5,0,0,24,0],
    "uvs": [],
    "name": "CubeGeometry"
}