{
    "name": "CubeGeometry",
    "colors": [15531943,15597485,15597483,0],
    "metadata": {
        "generator": "io_three",
        "type": "Geometry",
        "colors": 4,
        "vertices": 10,
        "faces": 11,
        "normals": 10,
        "version": 3,
        "uvs": 0
    },
    "normals": [0.53502,-0.609943,-0.584521,0.53502,-0.609943,0.584521,-0.53502,-0.609943,0.584521,-0.53502,-0.609943,-0.584521,0,0.802606,-0.596454,-0.72866,0.315744,-0.607685,-0.72866,0.315744,0.607685,0,0.802606,0.596454,0.72869,0.315744,-0.607685,0.72866,0.315744,0.607685],
    "faces": [161,0,1,2,3,0,1,2,3,0,0,0,0,161,8,7,6,9,4,5,6,7,0,0,0,0,161,0,4,5,1,0,8,9,1,0,1,0,0,160,2,1,5,2,1,9,2,0,0,160,5,9,6,9,7,6,0,0,0,160,5,6,2,9,6,2,0,0,2,161,2,6,7,3,2,6,5,3,2,0,0,0,160,8,4,0,4,8,0,0,1,0,160,0,3,7,0,3,5,0,0,0,160,0,7,8,0,5,4,0,0,0,161,4,8,9,5,8,4,7,9,0,0,0,0],
    "vertices": [0.7,0,-0.25,0.7,0,0.25,-0.7,0,0.25,-0.7,0,-0.25,1,2.28262,-0.25,0.999999,2.28262,0.25,-1,2.28262,0.25,-1,2.28262,-0.25,0,3,-0.25,-1e-06,3,0.25],
    "uvs": []
}