{
    "name": "CubeGeometry",
    "colors": [16621567,16697343,16621823],
    "metadata": {
        "generator": "io_three",
        "type": "Geometry",
        "colors": 3,
        "vertices": 8,
        "faces": 6,
        "normals": 8,
        "version": 3,
        "uvs": 0
    },
    "normals": [0.666707,-0.488449,-0.562914,0.666707,-0.488449,0.562914,-0.666707,-0.488449,0.562914,-0.666707,-0.488449,-0.562914,0.474899,0.648213,-0.595172,-0.474899,0.648213,-0.595172,-0.474899,0.648213,0.595172,0.474899,0.648213,0.595172],
    "faces": [161,0,1,2,3,0,1,2,3,0,0,1,0,161,4,7,6,5,4,5,6,7,0,0,0,0,161,0,4,5,1,0,4,7,1,0,0,0,0,161,1,5,6,2,1,7,6,2,0,0,0,0,161,2,6,7,3,2,6,5,3,0,0,2,0,161,4,0,3,7,4,0,3,5,0,0,0,0],
    "vertices": [1,0,-0.25,1,0,0.25,-1,0,0.25,-1,0,-0.25,0.05147,3,-0.25,0.05147,3,0.25,-0.051471,3,0.25,-0.051471,3,-0.25],
    "uvs": []
}