{
    "name": "CubeGeometry",
    "colors": [10992639,12767487,0,12307455,11058431,11584511],
    "metadata": {
        "generator": "io_three",
        "type": "Geometry",
        "colors": 6,
        "vertices": 14,
        "faces": 17,
        "normals": 14,
        "version": 3,
        "uvs": 0
    },
    "normals": [0.577349,-0.577349,-0.577349,0.577349,-0.577349,0.577349,-0.577349,-0.577349,0.577349,-0.577349,-0.577349,-0.577349,-0.43733,0.644337,-0.627308,-0.730308,0.211493,-0.649525,-0.730308,0.211493,0.649525,-0.437361,0.644337,0.627308,0.730308,0.211493,-0.649525,0.730308,0.211493,0.649525,0.43733,0.644337,0.627308,0,0.744316,0.667806,0.437361,0.644337,-0.627308,0,0.744316,-0.667806],
    "faces": [161,0,1,2,3,0,1,2,3,0,0,0,0,161,10,7,6,11,4,5,6,7,0,0,0,0,161,0,4,5,1,0,8,9,1,0,0,0,1,160,2,1,5,2,1,9,0,0,0,160,5,13,9,9,10,11,0,0,0,160,9,11,6,11,7,6,0,0,0,160,6,2,5,6,2,9,0,0,0,160,5,9,6,9,11,6,0,0,0,161,2,6,7,3,2,6,5,3,0,0,0,3,160,12,4,0,12,8,0,0,0,0,160,0,3,7,0,3,5,0,0,0,160,7,10,8,5,4,13,0,4,0,160,8,12,0,13,12,0,0,0,0,160,0,7,8,0,5,13,0,0,0,161,12,8,9,13,12,13,11,10,0,0,0,0,161,4,12,13,5,8,12,10,9,0,0,5,0,161,8,10,11,9,13,4,7,11,0,0,0,0],
    "vertices": [1,0,-0.25,1,0,0.25,-1,0,0.25,-1,0,-0.25,1,2.33373,-0.25,0.999999,2.33373,0.25,-1,2.33373,0.25,-1,2.33373,-0.25,0,3,-0.25,-1e-06,3,0.25,-0.656747,2.87666,-0.25,-0.656748,2.87666,0.25,0.656748,2.87666,-0.25,0.656746,2.87666,0.25],
    "uvs": []
}