{
    "name": "CubeGeometry",
    "colors": [11993038,11927501,0,11993037,12451794,13041624],
    "metadata": {
        "generator": "io_three",
        "type": "Geometry",
        "colors": 6,
        "vertices": 26,
        "faces": 29,
        "normals": 26,
        "version": 3,
        "uvs": 0
    },
    "normals": [0.577349,-0.577349,-0.577349,0.577349,-0.577349,0.577349,-0.577349,-0.577349,0.577349,-0.577349,-0.577349,-0.577349,0.223395,0.72924,-0.646718,-0.577349,0.577349,-0.577349,-0.577349,0.577349,0.577349,0.223395,0.72924,0.646718,0.730155,-0.213355,-0.649068,0.577349,0.577349,-0.577349,0.577349,0.577349,0.577349,0.730155,-0.213355,0.649068,-0.730155,-0.213355,0.649068,-0.223395,0.72924,0.646718,0,0.79989,0.600116,-0.730155,-0.213355,-0.649068,0.725547,0.252876,-0.639973,-0.725547,0.252876,-0.639973,-0.223395,0.72924,-0.646718,0,0.79989,-0.600116,0.503494,0.025727,-0.863613,-0.503494,0.025727,-0.863613,-0.725547,0.252876,0.639973,-0.503494,0.025727,0.863613,0.725547,0.252876,0.639973,0.503494,0.025727,0.863613],
    "faces": [161,0,1,2,3,0,1,2,3,0,1,1,1,161,10,7,6,11,4,5,6,7,1,1,1,1,161,18,4,5,19,8,9,10,11,1,1,1,1,160,20,19,5,12,11,10,1,1,1,160,5,13,9,10,13,14,1,1,1,160,9,11,6,14,7,6,1,1,1,160,20,5,9,12,10,14,1,1,1,160,9,6,20,14,6,12,1,1,1,161,20,6,7,21,12,6,5,15,1,1,3,1,161,22,0,3,25,16,0,3,17,1,1,1,1,161,12,8,9,13,18,19,14,13,1,1,1,1,161,4,12,13,5,9,18,13,10,1,1,1,1,161,8,10,11,9,19,4,7,14,1,1,1,1,161,18,14,17,21,8,20,21,15,1,1,1,1,161,24,16,17,25,22,23,21,17,1,1,1,1,161,23,15,16,24,24,25,23,22,1,1,1,1,161,22,14,15,23,16,20,25,24,1,1,1,1,160,12,4,18,18,9,8,4,1,1,160,18,21,7,8,15,5,1,1,5,160,7,10,8,5,4,19,5,1,1,160,8,12,18,19,18,8,1,4,1,160,18,7,8,8,5,19,1,5,1,161,16,20,21,17,23,12,15,21,1,1,1,1,161,15,19,20,16,25,11,12,23,1,1,1,1,161,14,18,19,15,20,8,11,25,1,1,1,1,161,0,22,23,1,0,16,24,1,1,1,1,1,161,1,23,24,2,1,24,22,2,1,1,1,1,161,2,24,25,3,2,22,17,3,1,1,1,1,161,14,22,25,17,20,16,17,21,1,1,1,1],
    "vertices": [1,0,-0.25,1,0,0.25,-1,0,0.25,-1,0,-0.25,1,3,-0.25,0.999999,3,0.25,-1,3,0.25,-1,3,-0.25,0,2.66194,-0.25,-1e-06,2.66194,0.25,-0.5,3,-0.25,-0.5,3,0.25,0.5,3,-0.25,0.499999,3,0.25,0.690058,1.76495,-0.25,0.690058,1.76495,0.25,-0.690058,1.76495,0.25,-0.690058,1.76495,-0.25,1,2.25,-0.25,1,2.25,0.25,-1,2.25,0.25,-1,2.25,-0.25,1,1.37434,-0.25,1,1.37434,0.25,-1,1.37434,0.25,-1,1.37434,-0.25],
    "uvs": []
}