{
    "metadata": {
        "version": 3,
        "faces": 226,
        "colors": 49,
        "uvs": 0,
        "normals": 152,
        "vertices": 188,
        "type": "Geometry",
        "generator": "io_three"
    },
    "colors": [10707291,12950165,14533569,14599362,12753042,10905184,16777215,0,460551,1052688,263172,16187314,16187313,16318393,16777212,16515040,16252856,16449481,16646129,16187316,16252857,16252861,16252860,16252855,16777214,16711658,6113955,10724188,10789982,11520767,10855774,7891379,6179747,10987364,8746938,6311589,6574504,6574759,11053156,6377381,6180004,15855606,15592181,6574503,11118950,6179748,10722457,3157549,10855775],
    "uvs": [],
    "normals": [-0.630238,0,-0.77636,0.630238,0,-0.77636,0.630238,-0.548967,-0.548967,-0.630238,-0.548967,-0.548967,0.630238,-0.77636,0,-0.630238,-0.77636,0,0.630238,-0.548967,0.548967,-0.630238,-0.548967,0.548967,0.630238,0,0.77636,-0.630238,0,0.77636,0.630238,0.548967,0.548967,-0.630238,0.548967,0.548967,0.630238,0.77636,0,-0.630238,0.77636,0,0.630238,0.548967,-0.548967,-0.630238,0.548967,-0.548967,-0.630238,-0.033357,-0.775658,0.630238,-0.033357,-0.775658,0.630238,-0.572039,-0.524857,-0.630238,-0.572039,-0.524857,0.630238,-0.775658,0.033357,-0.630238,-0.775658,0.033357,0.630238,-0.524857,0.572039,-0.630238,-0.524857,0.572039,0.630238,0.033357,0.775658,-0.630238,0.033357,0.775658,0.630238,0.572039,0.524857,-0.630238,0.572039,0.524857,0.630238,0.775658,-0.033357,-0.630238,0.775658,-0.033357,0.630238,0.524857,-0.572039,-0.630238,0.524857,-0.572039,-0.630238,-0.275033,-0.726005,0.630238,-0.275033,-0.726005,0.630238,-0.707846,-0.318857,-0.630238,-0.707846,-0.318857,0.630238,-0.726005,0.275033,-0.630238,-0.726005,0.275033,0.630238,-0.318857,0.707846,-0.630238,-0.318857,0.707846,0.630238,0.275033,0.726005,-0.630238,0.275033,0.726005,0.630238,0.707846,0.318857,-0.630238,0.707846,0.318857,0.630238,0.726005,-0.275033,-0.630238,0.726005,-0.275033,0.630238,0.318857,-0.707846,-0.630238,0.318857,-0.707846,0,-1,0,-0.193335,-0.506302,0.840388,-0.714194,-0.345775,0.608539,-0.844111,-0.536149,0.001434,-0.201209,0.938444,-0.280709,-0.673025,0.713645,-0.194159,-0.713401,0.526322,0.4626,-0.345286,0.603229,0.718894,0.96234,-0.271767,0.000336,0.863124,0.504959,0.000305,0.662282,0.491562,0.565447,0.615253,-0.155919,0.772729,-0.212317,0.246101,0.945677,-0.20954,0.085208,0.974059,-0.742515,0.211585,0.635487,-0.758538,0.398206,0.515793,-0.951567,0.307352,0.000763,-0.945585,0.325327,0.002503,-0.739341,0.230018,-0.632771,-0.759667,0.386944,-0.522599,-0.212256,0.244575,-0.946104,-0.190649,-0.509659,-0.838954,-0.717032,-0.347697,-0.604114,0.724052,0.225959,-0.651631,0.555467,-0.327738,-0.764214,0.069918,-0.385968,-0.919828,0.045351,0.309763,-0.949705,0.199255,0.686209,0.699545,0.042238,0.005158,0.999084,0.266732,0.963744,9.2e-05,0.850765,-0.525498,0.000519,0.555284,-0.327677,0.764367,0.069918,-0.385968,0.919828,0.019166,-0.441725,-0.896939,0.00116,0.251442,-0.967864,0.163274,0.911161,0.378307,0.030671,0.528459,0.848384,0.225257,0.974273,0.000244,0.019166,-0.441725,0.896939,0,0.250465,-0.968108,0,-0.457869,-0.889004,-0.030427,-0.446577,-0.894223,-0.173711,0.226356,-0.958403,-0.000427,0.539842,0.841762,-0.008118,0.896603,0.442732,-0.103092,0.903195,0.416608,-0.06827,0.512223,0.856105,-0.0365,0.999329,0.000275,0,-0.457869,0.889004,-0.030427,-0.446577,0.894223,-0.2566,0.725852,0.638173,-0.151341,0.981048,0.120731,-0.216498,0.976135,0.015381,-0.117038,0.988617,-0.094211,-0.105014,0.977355,-0.18363,-0.129307,0.60387,0.786493,-0.230079,0.71865,0.656178,-0.117344,0.988556,0.094485,-0.105014,0.977355,0.18363,-0.242531,0.970122,0,-0.185949,0.982543,0,-0.201209,0.938444,0.280709,-0.654897,0.728416,0.201147,-0.707236,0.706931,0.004151,-0.343608,0.939085,0,-0.14536,0.592486,-0.792322,-0.377728,0.584765,-0.717856,-0.730155,0.504288,-0.460982,-0.2931,0.946684,-0.133488,-0.21775,0.97589,-0.014374,-0.963775,0.266366,0.010865,-0.259194,0.720603,-0.643055,-0.228645,0.725455,-0.649129,-0.282846,0.95056,0.127903,-0.173711,0.226356,0.958403,-0.062532,0.097201,0.993286,-0.069338,0.468032,-0.880947,-0.063234,0.070009,-0.995514,-0.211158,0.076662,-0.974425,0,0.250465,0.968108,-0.000549,0.106784,0.994263,0.001282,0.506546,-0.862178,0.001251,0.082339,-0.996582,0.045351,0.309763,0.949705,0.003082,0.091678,0.995758,0.00116,0.251442,0.967864,0.200262,0.684011,-0.701407,0.043031,0.001038,-0.999054,0.004791,0.07532,-0.997131,0.028291,0.503555,-0.863491,0.723655,0.226203,0.651997,0.662526,0.491501,-0.565172,0.615497,-0.15598,-0.772515,0.999512,0.03122,0.000214,-0.87109,0.216559,0.440748,-0.877102,0.234169,-0.419263,0.161534,0.908048,-0.386395,-0.010315,0.890683,-0.454451,-0.153203,0.980895,-0.119602,-0.06827,0.908078,-0.413129,-0.103977,0.896512,-0.430616,-0.857753,0.513535,-0.022248,-0.068789,0.918485,0.389355,-0.059084,0.99823,-0.001587],