{
    "metadata":{
        "generator":"io_three",
        "version":3,
        "faces":180,
        "colors":12,
        "vertices":184,
        "normals":178,
        "type":"Geometry",
        "uvs":0
    },
    "vertices":[1.66052,2.86663,0.020416,1.62509,3.11841,0.233848,1.63078,3.07798,-0.233849,1.59536,3.32977,-0.020416,1.98925,2.91288,0.020416,1.95382,3.16466,0.233848,1.95951,3.12423,-0.233849,1.92409,3.37602,-0.020416,1.60475,3.19142,0.158209,1.6423,2.9245,-0.068052,1.95324,3.24045,0.158209,1.99079,2.97353,-0.068052,1.5942,3.26639,0.068014,1.98024,3.04851,-0.158246,1.63175,2.99947,-0.158246,1.94269,3.31542,0.068014,1.64101,3.49238,-0.03392,1.69987,3.07406,-0.388521,1.69042,3.14124,0.388521,1.74927,2.72292,0.033919,1.67407,3.25739,0.248791,1.73293,2.83907,-0.105811,1.65754,3.37489,0.107435,1.7164,2.95657,-0.247166,1.82613,3.51843,-0.03392,1.93439,2.74897,0.033919,1.91805,2.86511,-0.105811,1.90152,2.98261,-0.247166,1.88499,3.10011,-0.388521,1.87554,3.16729,0.388521,1.85919,3.28343,0.248791,1.84266,3.40093,0.107435,1.62823,3.02454,0.168732,1.5967,3.2486,-0.100815,1.94519,3.29763,-0.100815,1.97671,3.07357,0.168732,2.06477,3.1641,0.125552,1.51861,3.08725,0.125552,2.04824,3.28159,-0.015803,1.50208,3.20475,-0.015803,1.71087,2.99586,0.265282,1.66147,3.347,-0.157158,1.89599,3.0219,0.265282,1.84659,3.37305,-0.157158,1.60895,3.16152,-0.174627,1.95744,3.21055,-0.174627,1.98897,2.9865,0.094919,2.08397,3.02763,0.00987,1.53781,2.95079,0.00987,2.06744,3.14512,-0.131485,1.52128,3.06828,-0.131485,1.73007,2.85939,0.149601,1.68067,3.21053,-0.27284,1.91519,2.88543,0.149601,1.86579,3.23658,-0.27284,1.64048,2.93747,0.094919,1.60357,5.17809,1.86761,1.58512,5.3092,1.70988,1.37855,5.28014,1.70988,1.397,5.14903,1.86761,1.99041,0.931234,-1.70772,1.97196,1.06235,-1.86546,2.17853,1.09141,-1.86546,2.19698,0.960297,-1.70772,1.4253,4.94784,-2.06917,1.63187,4.9769,-2.06917,1.6533,4.82462,-2.19825,1.44673,4.79556,-2.19825,2.12999,1.43644,2.19016,1.92342,1.40737,2.19016,1.94484,1.25509,2.06108,2.15142,1.28416,2.06108,1.79243,3.08709,-0.388521,1.78298,3.15426,0.388521,1.76663,3.27041,0.248791,1.7501,3.38791,0.107435,1.73357,3.50541,-0.03392,1.84183,2.73594,0.033919,1.82549,2.85209,-0.105811,1.80896,2.96959,-0.247166,1.75403,3.36002,-0.157158,1.80343,3.00888,0.265282,1.77323,3.22356,-0.27284,1.82263,2.87241,0.149601,1.48184,5.29467,1.70988,1.50028,5.16356,1.86761,2.07525,1.07688,-1.86546,2.09369,0.945765,-1.70772,1.52859,4.96237,-2.06917,1.55001,4.81009,-2.19825,2.02671,1.4219,2.19016,2.04813,1.26963,2.06108,1.76752,2.80192,-0.619605,1.54066,4.38794,-2.54502,1.57574,4.39288,-2.54502,1.79895,2.80634,-0.619605,1.68162,3.41248,0.612161,1.90125,1.82499,2.53704,1.93632,1.82993,2.53704,1.71305,3.4169,0.612161,1.81003,2.49973,0.310916,2.0746,0.592897,-1.29099,2.10967,0.597831,-1.29099,1.84146,2.50416,0.310916,1.63802,3.72234,-0.309274,1.36611,5.62859,1.29317,1.40119,5.63353,1.29317,1.66945,3.72676,-0.309274,1.69643,-0,-1.69643,1.69643,0,1.69643,-1.75644,0.030796,1.36067,-1.75644,0.030796,-1.36067,1.10216,3.4864,-0.342508,1.10216,3.4864,0.342509,-0.7121,4,0.712099,-0.7121,4,-0.7121,1.20436,2.5136,-0.388546,1.20436,2.5136,0.388547,-1.70129,1.49475,1.0106,-1.70129,1.49475,-1.0106,1.20426,2,-1.20426,0.7121,4,-0.712099,1.20426,2,1.20426,0.712099,4,0.7121,1.22348,2.33164,-0.55291,1.08305,3.66836,-0.489651,1.22348,2.33164,0.552911,1.08305,3.66836,0.489651,1.36267,2.78881,-0.12686,1.31264,3.26504,-0.104323,1.36267,2.78881,0.126861,1.31264,3.26504,0.104324,-0.644999,0,-1.69643,-0.40235,0.095568,1.69891,-0.276948,3.52663,-0.989036,-0.270748,4,0.712099,-0.548578,2.47337,-1.09531,-0.262058,1.595,1.62569,0.525715,-0,-1.69643,0.287817,0.095568,1.69891,0.23672,3.52663,-0.989036,0.220675,4,0.7121,0.458115,2.47337,-1.09531,0.17347,1.595,1.62569,0.525715,0,1.69643,-0.645,0,1.69643,0.373195,2,1.20426,-0.457874,2,1.20426,0.372786,0.004134,1.92416,-0.489058,0.004134,1.92416,0.244493,1.68644,1.84201,-0.331658,1.68644,1.84201,0.482877,4,-0.712099,-0.515188,4,-0.7121,0.792639,2,-1.20426,-0.895234,2,-1.20426,0.332303,3.6694,-1.12485,-0.367521,3.6694,-1.12485,0.61372,2.3306,-1.25994,-0.712791,2.3306,-1.25994,-1.69643,0,1.69643,-1.69643,0,-1.69643,-1.20426,2,1.20426,-1.20426,2,-1.20426,-2.07969,0.280998,0.064503,-2.07969,0.280997,-0.864126,-2.04212,1.27823,-0.047352,-2.04212,1.27823,-0.752271,-2.20341,0.047634,1.36067,-2.20341,0.047634,-1.36067,-2.14825,1.51159,1.0106,-2.14825,1.51159,-1.0106,-2.19897,0.165317,0.176551,-2.19897,0.165317,-0.976174,-2.15269,1.39391,0.038744,-2.15269,1.39391,-0.838367,1.38875,2.54052,-0.388546,1.28655,3.51333,-0.342508,1.38875,2.54052,0.388547,1.28655,3.51333,0.342509,1.56778,2.87356,-0.161339,1.51775,3.22339,-0.132677,1.56778,2.87356,0.16134,1.51775,3.22339,0.132678],
    "name":"Cube.001Geometry.1",