{
    "vertices": [1,0.017439,-1,1,0.017439,1,-1.76275,0.017439,1,-1.76275,0.017439,-1,1,2.01744,-1,0.999999,2.01744,1,-1,2.01744,1,-1,2.01744,-1,2.87058,0.017439,-0.999999,2.87058,0.017439,1,2.87058,2.01744,-0.999999,2.87058,2.01744,1,5.50108,0.017439,-0.999999,5.50108,0.017439,1,4.73834,2.01744,-0.999999,4.73833,2.01744,1,-0,3.64389,0,1.93529,3.64342,1e-06,3.80446,3.63872,1e-06,0.999999,1.81517,1.61529,-1.76275,0.017439,2.69289,1,0.017439,2.69289,-1,1.81517,1.61529,2.87058,0.017439,2.69289,2.87058,1.81517,1.61529,5.50108,0.017439,2.69289,4.73833,1.81517,1.61529,1,0.017439,-2.68202,-1.76275,0.017439,-2.68202,1,1.72501,-1.53741,-1,1.72501,-1.53741,2.87058,0.017439,-2.68202,2.87058,1.72501,-1.53741,5.50108,0.017439,-2.68202,4.73834,1.72501,-1.5374],
    "normals": [0,-1,0,-0.826991,-0.561998,0.014832,-0.828639,-0.559252,-0.023194,0.000183,0.876034,0.482192,0.000183,0.827235,-0.561815,0,1,0,0.826991,-0.561998,0.014832,0.631825,-0.344005,0.694571,0,-0.492874,0.870083,0.671682,0.686697,0.277932,0.475204,0.735679,0.482589,-0.670186,0.689779,0.273904,-0.656423,0.676443,-0.333903,-0.48204,0.71157,-0.511155,-0.625019,-0.327891,-0.708365,-0.001648,0.87817,0.478286,-0.475204,0.735679,0.482589,0,0.781182,0.624256,-0.001617,0.829737,-0.558123,0,0.738914,-0.673757,0.828639,-0.559252,-0.023194,0.657765,0.673116,-0.337931,0,-0.470717,-0.88226,0.625019,-0.327891,-0.708365,-0.631825,-0.344005,0.694571,0.48204,0.71157,-0.511155],
    "faces": [33,0,1,2,3,0,0,1,2,32,11,10,17,3,4,5,33,9,13,25,23,0,6,7,8,33,13,15,26,25,6,9,10,7,33,2,6,7,3,1,11,12,2,33,3,7,30,28,2,12,13,14,33,5,6,22,19,15,11,16,17,33,7,4,29,30,12,18,19,13,33,1,0,8,9,0,0,0,0,32,10,11,18,4,3,5,33,12,14,15,13,20,21,9,6,33,12,8,31,33,20,0,22,23,33,15,11,24,26,9,3,17,10,33,9,8,12,13,0,0,20,6,33,2,1,21,20,1,0,8,24,33,1,9,23,21,0,0,8,8,33,24,23,25,26,17,8,7,10,33,21,19,22,20,8,17,16,24,33,19,21,23,24,17,8,8,17,32,7,6,16,12,11,5,32,4,7,16,18,12,5,32,6,5,16,11,15,5,32,5,4,16,15,18,5,32,5,11,17,15,3,5,32,4,5,17,18,15,5,32,10,4,17,4,18,5,32,15,14,18,9,21,5,32,14,10,18,21,4,5,32,11,15,18,3,9,5,33,11,5,19,24,3,15,17,17,33,6,2,20,22,11,1,24,16,33,29,27,28,30,19,22,14,13,33,27,29,32,31,22,19,19,22,33,31,32,34,33,22,19,25,23,33,4,10,32,29,18,4,19,19,33,10,14,34,32,4,21,25,19,33,0,3,28,27,0,2,14,22,33,14,12,33,34,21,20,23,25,33,8,0,27,31,0,0,22,22],
    "metadata": {
        "vertices": 35,
        "normals": 26,
        "generator": "io_three",
        "version": 3,
        "faces": 39,
        "type": "Geometry",
        "uvs": 0
    },
    "name": "CubeGeometry",
    "uvs": []
}