{
    "vertices": [-1.9465,0.021441,-1.27229,-1.9465,0.021441,1.27229,-3.08908,0.021441,1.92643,-3.08908,0.02144,-1.92643,-1.9465,0.996768,0,-0.930045,0.021441,0.813415,-3.08908,1.14625,-0,-0.930045,0.021441,-0.813415,-1.9465,0.403547,-0.412433,-1.9465,0.403547,0.412433,-3.08908,0.403547,0.62448,-3.08908,0.403547,-0.62448,-0.930044,0.403547,-0.26368,-0.930045,0.846306,0,-0.930045,0.403547,0.263681,2.61258,0.027062,0,-4.87309,0.021441,1.92643,-4.87309,0.02144,-1.92643,-4.61263,0.403547,0.624479,-4.99198,1.55186,-0,-4.61263,0.403547,-0.62448],
    "normals": [0.316202,-0.221015,-0.922575,0.316202,-0.220985,0.922575,0.164892,-0.134678,0.97705,0.164892,-0.134678,-0.97705,0.182348,0.983215,0,0.124912,0.764763,0.632069,0.12476,0.696005,0.707083,0.201361,0.979492,0,0.124912,0.764763,-0.632069,0.080813,0.814539,-0.574389,0.148717,0.988861,0,-0.583392,-0.110294,0.804651,-0.583392,-0.110294,-0.804651,0.246162,-0.29783,-0.9223,0.246162,-0.29783,0.9223,-0.587573,0.720206,-0.368786,0.080813,0.814539,0.574389,0.12476,0.696005,-0.707083,-0.587573,0.720206,0.368786,-0.62917,0.777245,0,0.997833,-0.065737,0],
    "faces": [33,0,1,2,3,0,1,2,3,33,4,9,14,13,4,5,6,7,33,4,8,11,6,4,8,9,10,33,3,2,16,17,3,2,11,12,33,1,0,7,5,1,0,13,14,33,8,0,3,11,8,0,3,9,33,11,3,17,20,9,3,12,15,33,1,9,10,2,1,5,16,2,33,9,1,5,14,5,1,14,6,33,8,4,13,12,8,4,7,17,33,9,4,6,10,5,4,10,16,33,0,8,12,7,0,8,17,13,32,18,19,20,18,19,15,33,16,18,20,17,11,18,15,12,33,2,10,18,16,2,16,18,11,33,6,11,20,19,10,9,15,19,33,10,6,19,18,16,10,19,18,32,5,7,15,14,13,20,32,13,14,15,7,6,20,32,12,13,15,17,7,20,32,7,12,15,13,17,20,32,14,5,15,6,14,20],
    "metadata": {
        "vertices": 21,
        "normals": 21,
        "generator": "io_three",
        "version": 3,
        "faces": 22,
        "type": "Geometry",
        "uvs": 0
    },
    "name": "CubeGeometry.3",
    "uvs": []
}