{
    "colors": [16776879,16777215,16777139,16776880,16776883,16776882,16776881],
    "normals": [-0.34846,0.288003,0.891964,-0.421827,0.328837,0.844905,-0.67336,0.239479,-0.699423,-0.88638,0.334086,-0.320444,0.172552,0.357585,-0.917783,-0.172552,0.357585,-0.917783,-0.10947,-0.746025,-0.656819,0.10947,-0.746055,-0.656819,0.001099,-0.65801,0.752983,-0.526048,-0.585925,-0.616382,0,-0.393231,0.919401,0.093295,0.397504,0.912839,-0.093295,0.397504,0.912839,-0.19953,-0.734642,0.648396,-0.668905,0.698325,0.254677,-0.80221,0.336619,0.493027,-0.404187,-0.588519,0.700156,0.668905,0.698325,0.254677,0.085299,0.171575,0.981445,0.19953,-0.734642,0.648396,0,-0.215918,0.976409,0,-0.187902,0.982177,0.404187,-0.588519,0.700156,-0.085299,0.171575,0.981445,0.80221,0.336619,0.493027,0.156682,0.137944,0.977935,-0.156682,0.137944,0.977935,-0.626148,-0.748924,-0.216742,0,-0.403912,0.914762,0.88638,0.334086,-0.320444,0.34846,0.288003,0.891964,0.626148,-0.748924,-0.216742,0.421827,0.328837,0.844905,0.67336,0.239479,-0.699423,0.526048,-0.585925,-0.616382,-0.001099,-0.65801,0.752983,-0.118931,0.70275,0.701376,-0.118931,-0.70275,0.701376,-0.667104,-0.577532,-0.470504,-0.667104,0.577532,-0.470504,-0.418134,0.468123,0.778436,0.418134,0.468123,0.778436,-0.418134,-0.468123,0.778436,0.418134,-0.468123,0.778436,0.308542,-0.463485,0.830622,0.308542,0.463485,0.830622,0.071413,0.555162,0.828639,0.071413,-0.555162,0.828639,-0.436995,0.481155,0.759911,0.371349,0.445936,0.814356,-0.436995,-0.481155,0.759911,0.371349,-0.445936,0.814356,-0.766228,0.575701,0.285348,0.393109,0.565355,0.72512,-0.371349,-0.445936,0.814356,0.436995,-0.481155,0.759911,0.436995,0.481155,0.759911,-0.371349,0.445936,0.814356,0.272622,0.489792,0.828089,-0.169622,0.545946,0.82046,0.458022,-0.397961,0.794855,-0.308542,-0.463485,0.830622,0.458022,0.397961,0.794855,-0.308542,0.463485,0.830622,-0.458022,-0.397961,0.794855,-0.799982,-0.599811,0.015809,-0.458022,0.397961,0.794855,-0.799982,0.599811,0.015809,0.118931,-0.70275,0.701376,-0.272622,-0.489792,0.828089,0.118931,0.70275,0.701376,-0.272622,0.489792,0.828089,-0.393109,-0.565355,0.72512,-0.393109,0.565355,0.72512,0.272622,-0.489792,0.828089,0.627064,0.569201,0.531754,-0.627064,0.569201,0.531754,-0.627064,-0.569201,0.531754,0.627064,-0.569201,0.531754,-0.766228,-0.575701,0.285348,0.393109,-0.565355,0.72512,0.766228,-0.575701,0.285348,0.766228,0.575701,0.285348,-0.071413,-0.555162,0.828639,0.799982,-0.599811,0.015809,0.799982,0.599811,0.015809,-0.071413,0.555162,0.828639,0.169622,-0.545946,0.82046,0.667104,-0.577532,-0.470504,0.667104,0.577532,-0.470504,0.169622,0.545946,0.82046,-0.169622,-0.545946,0.82046],
    "uvs": [],
    "vertices": [1.5066,-2.49023,1.16149,1.5066,2.49023,1.16149,-1.5066,-2.49023,1.16149,-1.5066,2.49023,1.16149,1,-2.49023,-2.2975,1,-1.52105,-2.2975,-1,-2.49023,-2.2975,-1,-1.52105,-2.2975,-4.3353,2.49023,-0.219462,-2.43882,-1.52105,-2.79088,-2.43882,-2.49023,-2.79088,-4.3353,-2.49023,-0.219461,2.43881,-1.52105,-2.79088,4.3353,2.49023,-0.219462,4.3353,-2.49023,-0.219462,2.43881,-2.49023,-2.79088,-2.43882,-1.52105,-2.79088,-4.3353,2.49023,-0.219462,-2.43882,-2.49023,-2.79088,-4.3353,-2.49023,-0.219461,4.3353,2.49023,-0.219462,2.43881,-1.52105,-2.79088,4.3353,-2.49023,-0.219462,2.43881,-2.49023,-2.79088,3.06857,-1.52105,-3.91618,5.9223,2.49023,-2.71311,5.9223,-2.49023,-2.71311,3.06857,-2.49023,-3.91618,-5.9223,2.49023,-2.71311,-3.06857,-1.52105,-3.91618,-3.06857,-2.49023,-3.91618,-5.9223,-2.49023,-2.71311,3.32944,-1.52105,-5.57114,6.49937,2.49023,-5.56645,6.49937,-2.49023,-5.56645,3.32944,-2.49023,-5.57114,-6.49937,2.49023,-5.56645,-3.32944,-1.52105,-5.57114,-3.32944,-2.49023,-5.57114,-6.49937,-2.49023,-5.56645,1.5066,2.49023,1.16149,-1.5066,2.49023,1.16149,-1.5066,-2.49023,1.16149,1.5066,-2.49023,1.16149,-1.5066,2.49023,1.16149,-4.3353,2.49023,-0.219462,-4.3353,-2.49023,-0.219461,-1.5066,-2.49023,1.16149,1.5066,-2.49023,1.16149,4.3353,-2.49023,-0.219462,4.3353,2.49023,-0.219462,1.5066,2.49023,1.16149,4.3353,-2.49023,-0.219462,5.9223,-2.49023,-2.71311,5.9223,2.49023,-2.71311,4.3353,2.49023,-0.219462,-4.3353,2.49023,-0.219462,-5.9223,2.49023,-2.71311,-5.9223,-2.49023,-2.71311,-4.3353,-2.49023,-0.219461,5.9223,-2.49023,-2.71311,6.49937,-2.49023,-5.56645,6.49937,2.49023,-5.56645,5.9223,2.49023,-2.71311,-5.9223,2.49023,-2.71311,-6.49937,2.49023,-5.56645,-6.49937,-2.49023,-5.56645,-5.9223,-2.49023,-2.71311,-1.67809,2.49023,2.19702,1.67809,2.49023,2.19702,-1.67809,-2.49023,2.19702,1.67809,-2.49023,2.19702,-4.82877,2.49023,0.816077,-1.67809,2.49023,2.19702,-4.82877,-2.49023,0.816078,-1.67809,-2.49023,2.19702,4.82877,-2.49023,0.816077,1.67809,-2.49023,2.19702,4.82877,2.49023,0.816077,1.67809,2.49023,2.19702,6.59641,-2.49023,-1.67757,4.82877,-2.49023,0.816077,6.59641,2.49023,-1.67757,4.82877,2.49023,0.816077,-6.59641,2.49023,-1.67757,-4.82877,2.49023,0.816077,-6.59641,-2.49023,-1.67757,-4.82877,-2.49023,0.816078,7.23916,-2.49023,-5.4372,6.59641,-2.49023,-1.67757,7.23917,2.49023,-5.4372,6.59641,2.49023,-1.67757,-7.23917,2.49023,-5.4372,-6.59641,2.49023,-1.67757,-7.23916,-2.49023,-5.4372,-6.59641,-2.49023,-1.67757],
    "metadata": {
        "colors": 7,
        "type": "Geometry",
        "generator": "io_three",
        "uvs": 0,
        "vertices": 96,
        "version": 3,
        "normals": 92,
        "faces": 94
    },